0,1
0x8114e78965b7f7e52e35b2cfbe33973a4ef320cb,98
0x31331ec182777b3e3cf127f4709a8aaa8f76e549,98
0x60b0d24c2e89fe4809514677b131b72a6ffbe820,98
0xb6f2cae207d74df6f91a0a069751877d6f96016a,98
0xc0c0a8261b04e171bfe59c3628d69b5568cfa316,98
0x5d120e0929dbbf2315c97a4d93067e2dd9128ce4,98
0xe49034fe84ef98b15e4a4b968d462ac280845fde,98
0xab4fd3259a0d195a07fe078170439d83a1c2331f,98
0xc2cefdf1ba220c1dd2451d9c43bb13e20fadbe57,98
0x835e962abe46fbc5b308f5541bd4224bcbbac980,147
0xfa8ea76600767acf9c865ea175945f7e080cbbee,147
0xa706082f3edb8c3638ca8fa214b9083620e23d55,147
0x68f1cb65e0f643e8acf3b710e85d1fa5ab250b9e,147
0x26d974b1d6172ffc0fee885e6f323bdf1a3de3aa,147
0xd5e1f385c6ab7b6ebee441a6674ac9cf94285a70,147
0xbc4bfa3119b488ce3d5516c3857fb59cf8549d5d,147
0x7449a611b68bb65f6d5f9d65e44e27ca7fdd5a63,147
0x42351635d3e18bebbed4d119da64607d765ae877,196
0x883eb80c3a9591e8647c11d75fcbeec2ce0ef057,196
0xa7269c74294e399d700a58be9f035b652dd67e48,196
0xda2d3b0a9e2c39e09ac2504df2572b3b28093d56,196
0x040351a17385c39d21f1202172a49a71331c1dab,196
0x917a7277903148cda75c4e761ed7f483470ea28c,196
0x6d0998e0513a739d1af438e35fe33b4dad258920,196
0xe58b39e514c5a0651adfaee619d36509dec26aaa,245
0x49b144d329b096d2772533f936b5fda6ddf8dbdb,245
0xec92d566ce3a662f03af304c3dd5a7961fa5dc59,294
0xb79786b11fa27df856ba58fb9f8f2cfa2f790522,294
0x325d26f0865d3c71cd5da25ec672ad70f66c41b7,294
0xb0d4a61ab14e6c73df8ec47c5f2b9c039605bd87,294
0x318ca63586defccc0a009263fb7a586978a6fd4b,294
0x478f25e0856aa133f7f9f68f1dab2505b6ef9bd1,294
0x9e68c21c016217d55e2951b550b00b1262bf7c47,294
0x41fa9cf827a2fa29f755fe97161963d6ab4cd714,343
0x14ce3e82f0b4278c2661de9ec6f81e8d8810f65e,343
0x5701068ca0ba0338a5b64e8f59d5ae661e9ecfc0,343
0xda5f2150afdb49fd7bf707263edbda8afaee5747,343
0xd8ae36714c6fce19292350b21c17127694a7d272,343
0xda7bb863527381581683744909cf51109b79a5d6,343
0xe8fdf1aff64a33d0d904160e7ce00b5ce4767015,392
0xead0d03f0afc64726d277a16861b3a36d381a9b5,392
0xe15cf0ede90e9059188fc8439014d1ffe29e0bbc,392
0xdae44748cf6eb8b88c3a1d1cf88c72ebacabbf74,392
0xeefbc827847d018d79095216674112eda4be2ec2,392
0x469adaf766fb35f1a3c2569fe8c57a50f4b39131,392
0xb8a8051245e5a70184660674f3cd15b5816785d1,392
0x33ebb62dc9ddbf6b8f3c0efdf5bccc2e7ac60211,441
0x9e42a55e3bc08c602dcc6189052f3b5e9ff59f7e,441
0x1ee26a18ed6b062cd84bc2f1ef4eca06bcf81261,441
0x0710ee20cb035b50f6aedf58bf37b8dbd842f1ed,441
0x98031df9d5ebab33f752c07e56e6531e5e59336c,441
0x9d52ed746d5993e252865d24ed39a49f00bd9586,441
0x10e7e4fc49e107773530f1f390a259275d71f06d,490
0x7c846e2487a8b6ab7a4ceec6a2073c5ce388e2ff,490
0xd0ca9d88f6d7fff4ce6227c8082835800352a836,490
0x3906c7c653f9db8fbc3c7d0eb50c8682c420f0f7,490
0x8358fc2dd62c00c1a9cd0fcb577309a4cead2471,539
0xa3c277b8f35881cbdb017e52bcc376b3ce8f21da,588
0xb39ff833f6b42d474bc649e3f435856c8f0cb426,588
0xe5cb2d785c3f18717c972088ce55bf5ff091c495,588
0x06e7da915b95580cb81e17bdb962911e71c0c4ac,588
0x596e7fe8a3fd3ab4dedc227c848569a0265828ff,686
0xa87988585b488f009a2083d14774902b9358c278,686
0xf627e5f4bad95a956468d8bb6ee20b119f992e96,686
0x5d18c78f374286d1fa6b1880545bfad714c29273,735
0x6186290b28d511bff971631c916244a9fc539cfe,735
0xd3e401814d1faa8ca0419ecccbfee93ac7b15b31,735
0x067d3e5459fa588aa5a5001fc9608b314e7e4a01,784
0x379cadab8f98bf10121e2e9b7fc02ca802345e8b,784
0xeec3b9dd7793f60fc1bf28743c6c8446fe67c32a,784
0x0fe28d884123163531df47f86f68203c4f4238b9,784
0x04eeda8629c7f352ef5b36e3276515e24b7be71c,784
0x0db5e7924d87d2ec27876882e7af911a58050dd1,833
0xc72477def6454354a6342ed70fd13e6d266f8bbc,833
0xe47a14edd56510a77f8fc753cdf1353302d75211,882
0x3219a10883e82126091034b74ebb4f85d2dedc0f,882
0x6767f749a0e719389e401d88d751f8058df3a22b,980
0xd5157866f7bb8f490e13aba960f689178635ead2,1029
0x86896a3196cedbb26612648da1d8914cd378718b,1078
0xdf99ac97079b51b2ac7d63dc9fc857b901e7615a,1127
0x11aec066ff84697a2ca7b5d6bf277468c62e4710,1127
0xff563d18b082ae0ee76bce29bcbc7fd86dc0eb9a,1176
0xbbe3aba57ac2a5dc36ebb9769fcbd53fd5153f93,1176
0xb5ab914682c21dea3a77a073bb771227399621da,1176
0xeec7990c2952017b75e1b508dc3929fe4036ecc3,1225
0x84c87523dc3b0466b5d4174524baf086cb30bab4,1225
0x527788ae179be743614496680d38b39d87ee1ce8,1225
0x886e8619237c46146ad2eb99e72affd551d0724c,1274
0x37b1884205cc47c2bf5cf5a0248946c4c0c85724,1274
0x60dc4b3d8e8d2c5449186270f385a56a21bb82c3,1274
0x33434efcdb18bab45c85a43f999b895cb1af5dad,1323
0xfd8ddf69128a515fb12cb68196e6af8963fd076c,1323
0x7cf67a1a486d5716517a989f180112ba26d1afcf,1323
0x0dd6fd47bb4d2f940541341f42827400f48ebf86,1323
0xfd7ef248551016e102c5bb46ef075c637bf95825,1323
0xc3b49b03a6d9d71f8d3fa6582437374e650f3c46,1323
0xbf6516ba27f3a26b90e11712a04767222e977fd7,1323
0x9d3ad31c3362b87355589a8c537fdd570a1650fd,1323
0x9251b3055e7d4f0db1bc18a62700755eacda31fa,1323
0x0e93982dc0e777261f9a4d7430f7c4f9032c498b,1323
0x5c778bb8004136adf21e8ad685ab3b86f43c258d,1323
0x24e33188a98bbee34fc606cbf90fbfec3dac2b9a,1323
0xf4c9c5229356d39b4f852ecf6e08576eebedb0ec,1323
0x20d3a3d7e7eb4d6de6887fdcad8b0fee08571bf1,1323
0xb78196b3e667841047d1bb1365ab8fb3d46ab1a8,1323
0x1d653ea9e797eabe01a3d941729e1b820a3ce0fd,1323
0xf1d88980505e00db65609ec5420f40c3eb1b77fd,1323
0x147f138fc56629622c77f0d6c126925d55e79ff2,1323
0x8ce9eac0bbf9d4f2d5527fbe0acfacc4e89c2057,1372
0x1223f9446ffdb6b35c2af3d81c0e7c0171965bc7,1372
0x067f2ac7c596f22b322e94f5042b303bc839def7,1372
0x51f9afb0ab61208b18d4b49c2f4227183fb963dd,1372
0x4ed4b96152d89d2570b5aa5bc50d4f29bdbfacca,1372
0x7692ef3dcc4d2ecd497c1a262c50ed22b925a513,1372
0x0ce24a2e432929d69eb6778d926e849d9174da2f,1372
0xc0f5b93bb77271d9ce898d08013f4958d1478534,1372
0xbd736eb04cd05cba4f042a2d77fffb34a203181a,1372
0x10033995e6ae9d41bcae366aebab6e75d6f08373,1372
0x47bff18e462912ab61a465b2bc229e3857491aa6,1372
0xd61daebc28274d1feaaf51f11179cd264e4105fb,1372
0xacda484586437814f639c9d22d9dd25733b1808d,1372
0x8ed876fded3699c590be3e12cef56e23376eff3b,1372
0xa588f3d0d365e85c1c0940fc7aa97e7905ff4451,1372
0x4911ca03b6cd8fc96b46808d7d970cc61d519ca1,1372
0x0efcc732b7f88bab88886638d2e4faacda44f7ff,1372
0x3b42098b2d69f5f90f1892f50a6be9b48a005b3d,1372
0x6ebea301096b8137d691a4d1fae6f0061c817b41,1421
0x86810617264f59e24e68eca441aa99772ccc022d,1421
0xe8f938b1cbd2ed6a39a17aca9895384a5a2ebc6c,1421
0xc9d483b27701a1299c09872b813bf9cb8251475a,1421
0xb5d217449f712557bf82db02e1b5fd05a688e12d,1421
0x74e2560995ba0b3e27539cea74d40b784f54689c,1421
0x62b03375be0b6ca59da56951d202f64daecbf409,1421
0x7aaccdff97a6f70e5272cd071549959d6ecb673a,1421
0xc091bbeace46d402ffc216d6b80a263638d630f8,1421
0x3d446c9528f5dec1848dbe4cc6d4fd2c432b336c,1421
0x4dacd18ed64b3d6dd59cd1d79e8714a3a433eb61,1421
0x1dd49d96190d0e674623d5d7a12078007224b619,1421
0x5c8ae425afe83adea6785f59da2b5f02f9e47f98,1421
0x20752335ff93a73b09564b483250720097984899,1421
0x3ea8bd2a67b70255937333b260212ce11b166a4e,1421
0xe85510ac81a391652c57a70011027e434f1591d5,1421
0xac04e43ccb212e4debd284827b9271ce1ca2e8f3,1421
0x74ea1b5e58188c632ddcd06002f259f8b33718cc,1470
0x3e81ea3a8a2d0b71a85468b02be83d09bfffe476,1470
0xa0a0e4c41eac834d12f83120e298cd24fd6de1aa,1470
0xe2f4f70ab7daa110d322be56236efe473b03ddf2,1470
0x047be992fbb36702b3684ccb91a5ec4b0e2ea042,1519
0xb1246d97d402837baa0a1e383c9bbbdbc3809ba2,1519
0x69d6699b8419878521316002c74dd1b43164ce14,1519
0x455867c5b24bf1a29ee02e0195b9ff36bea17ca8,1568
0x0ff104944594bbd7aa2953a5bea1dac1c7f330a0,1568
0x56164269a07b01a552cc13c924721c1843221aa2,1568
0x38a4d889a1979133fbc1d58f970f0953e3715c26,1568
0xc8cde7eb1a9ee36f8f760dd308ca94f6c6fb88ab,1568
0x0273b3440386d8d01d33e75d662122d710907ba4,1568
0x5f8e696889c74bc6342ebd529e8b3bb9a6b98888,1568
0x4b3eaa0a519a9c5d3be4e5ef327ff6c50cb618ca,1568
0xa9e3cd2101531c0982d35875c4ffc68a3f05e2a5,1568
0xd7e93b64ade18f7108cf5d7ab91c76937aa30116,1568
0x1fbe7279da134c53fa521f5ee65891948e775e17,1568
0xa40b66e14fa9fc3992dc29b4179d21ee0909af02,1568
0xfa16b4019d0368366b97f2e9822046c6d4dcab47,1568
0x54e35a069ff7916d594c4b7fd404bd7688f589da,1568
0x7b5aad6bf4c13aadd6a9ca671f4b24ad8969fcb9,1568
0xefaef3a9b2bc9b1464c1f85715b6915de4ec659d,1568
0xf19e6b923fbc42f34b522324954ef2c747618d96,1568
0xc18ef67e0f3fdf26f0c1354081aea8254496a7ed,1568
0x571f586916bc8a6c9eff32acd8024ad695562185,1568
0x8e5cdd1faebeae48b2b2b05d874de75ae7ad720f,1568
0x0040a54aa449a9a8f4e8a0641a1caf76efcc0c8e,1568
0xf97f757ed3aa1ef705f2957698a2b3b2cf2dcebb,1568
0x879253b5cc2b13bb976e075f0571f85454a315f6,1568
0xf25aecdc96bc584dbbe085deb8b59e3a1c2cce4d,1568
0x1f0454933706ad755ab5162995d9e14881375c3d,1568
0xb7b09a92d5cb6983912a0ae84e264d4068b2b3dd,1568
0xd3841da932756b1f76608f790dd91d06ae30fc11,1568
0xd06a34aed5fa9450f9a32a224a4196d21821fb10,1568
0x832668b0fc7d007f5c40375457ce147d6235ca9d,1568
0x88067123d35efedd46c040564fab96bbeae0dd82,1568
0xfd845e60eaea6c960d2a2b6f490b53d26925d5cb,1568
0x70daf9e8c1da67ade285a99bbc6d60887c6626f1,1568
0xb0991497da00048dd2f0216350be2478b1875aad,1568
0xc9f203b4692c04ba7155ef71d8f5d42bfcfbc09b,1568
0x5e410258a1e5e66a8dd9edc583593a90505b0978,1568
0x4d8c2208d5e47d05405811a3352dccba1019d0cc,1568
0x7b84fe5120069718aab43c07636cb8613bda3183,1568
0x176d838309eab161721c4fd79f269a5826860f91,1568
0x4dcbb1fe5983ad5b44dc661273a4f11ca812f8b8,1568
0xf19758c42c9a1d84513eecc9c5007c564910fece,1568
0x905f48cbaaaf881dbee913ce040c3b26d3bbc6d9,1568
0xec79a6160c682c59fdedcfc6dc3f31f65f450982,1568
0xe8cdc8b0bb1e5a5f3252f917001af98753a2b7e8,1568
0xf7ba3cf2edab2879964b137fd5bdc2f64c68d70a,1568
0x6f1d13763c581dbef3842595a2aa5b7b9e7ae4ab,1568
0x35aa3f733958b7416669303945093c98819f77a6,1568
0x9d11593aafa155e63e30ff5b2c82947a65aebb1d,1568
0xd4fab4f5f5ddb5f459b85c48ada8fbac238f0ab6,1568
0x1c4199c5f4392707140249f8a72d8506d4df897f,1568
0xd6cb70a88bb0d8fb1be377bd3e48e603528adb54,1568
0x8d452c1f4bae385b13933c83ecff70d74229915f,1568
0x7e2c8caa894f0a630c6c700a4712e0083209555d,1568
0xcdf4f278c469fd3961707d6b4d54b8f244ea5d9e,1568
0xdc1af94e244a57e6a2a230df9a9028f2fa2043c2,1568
0x96fca82bb2ce4c5a700a14581412366cc05dd6fa,1568
0x513ce5aece2cb92f46e8fd3342257a89a875561f,1568
0x8ff55b93a1ed400e8bc44dc0026459209700a704,1568
0x631d13dc947897c068096c758e93278b5cef1f0b,1568
0xf35761e84abf8e3b4d42dbdb6d7cb052e5d46518,1568
0x73f44695c09128917d2141dea97d6214ff557103,1568
0x0bff926237388495e68d58c1616f3d147ff33dbd,1568
0x724bac5f4c840b976c981ccc795372520009b425,1568
0x26b13e3924897c03715489361459b869af949640,1568
0xb413a48088cfb0074f75349c790062920434e321,1568
0x1fab30f22f12f5266ff7d2e346a7dc7616f454ab,1568
0xa7dcc417c63f24f9073b667a5d7149bd38463d0f,1568
0xfcc9cf78a1494f61d41cf895102a81785a2fe27d,1568
0x45f1d5257f23b581af614e5c8b708fbc38c7d27e,1568
0xbf6a6748dc339da580d6e8c77f7c3892ecc8fc16,1568
0x8655fa254cb9f79a16f6067b664adc5ff3c49728,1568
0x53518184bcc0a0cc0cb57054b43a5f8394bfa327,1568
0xd8d9320ba876eac0f5bf9001ae2dc4473630ee5c,1568
0x9759241f23fb3d3606612f243784bf8d47b3788e,1568
0xe0b376e6282c327cbb7c2b2841d0b7b0595cad60,1568
0x89f42ccb1b90103a4b886cc8ee01979492808079,1568
0xd0ea4942f8bdd8dd4a1445f00afee0ca14e52bc2,1568
0x3c977c1389e5afd85034fb3ee7bfb6a8098a5198,1568
0x9d3bc80223f4fc7949ed8c42c0da3ca182cff6e4,1568
0xe627825300e8483ff5f929ccb83596809822648a,1568
0x1e96682fadd54a2ff49d8e906da4d04ea119fe99,1568
0x9e3576cebf79eda12ccae9acdb9f84f9d56f2cff,1568
0x668d564f2525a655b195cddd140aaa9b995330b2,1568
0xd2aac33a2318e102092d76908a3ff939a0494671,1568
0x71ac01152cf805fab95f9d874c542fd35be2c913,1568
0xff362a0ba2e2ffb2a2d6849b73b98a35ea79290c,1568
0x28277b953fbc2d795398aa3668d86ab421bfef62,1568
0xe2763df5eafe829705f2b49a713b887d3b208c02,1568
0xc7a958e41ecf7b24059f44deb23cf2b9a49afbf2,1568
0xe5e9b743cb1974e8fb7e2dcd37fc40a6d0637f9e,1568
0x3f03f6efd50bcdc833d00fd6cef4e1fa534f922e,1568
0xa1b47638c520ef9737a84fde1a0c45ef2d468502,1568
0x64129ea5c2b3eea53f4aff759eacc89b8a695535,1568
0x54c6ac745d042bcba90674e0a378f266ae12e8f1,1568
0x2586319850defd14dbfa93fe588780fdea0d4336,1568
0x01dcaa487ab9e487acaff8d31a92fcf0bb659e35,1568
0xea23c259b637f72d80697d4a4d1302df9f64530b,1568
0x914e4f7e40a92520f1d3529fb3254936f03ae6dc,1568
0x0f3d941a0fc7866cdea6539da7e78a10aceac58c,1568
0x85d33380514aba3ae6cf1c58ad9717a2b1cf0272,1568
0xe715eeca1d8dadc75caf45aedbdb3952f73771a9,1568
0x34eeebda0553a2fbcdd7d98a39f303f2a76380c5,1568
0xb61193014fc983b3475d6bf365b7647c2e52b713,1568
0x31e99699bccde902afc7c4b6b23bb322b8459d22,1568
0x0259d65954dfbd0735e094c9cdacc256e5a29dd4,1568
0x7e6601a0cb2b5ae129c09661846a053ea07223fb,1568
0xbbacd7487b871cd34398197a544eafa16e2493cd,1568
0x2cc8ee5ebbd34abf975f4c5cea56bdcea90bed16,1568
0xa0202fbe4ee4ebcc96fbef5c3fdd46ff29cb8351,1568
0x1eb03285bedbd3233b6ed3bf535efdc40d7a2d1f,1568
0x0297c8d39bb7c90bfe03e60ed674d175e843d62b,1568
0x28f728356fd5cb052c6de19842aa2c713e8074ed,1568
0x75e1d7925aaa52ed343676261389d238b146e410,1568
0xd56e53c1889e0ac25a6f7035419067dc7471d71f,1568
0xf2870dde3e94663ce8c7aaf242ca20ce07c5d02b,1568
0x92572aae1c9c4ba92011a6a56579c79dbb272cd8,1568
0x1e11547c517040e377857223409fa47362ed17fe,1568
0xafe84095023656a1121e830efd6b795340de250a,1568
0xa49d8f6cabd49c57dabd801d510b4553c65d0763,1568
0x08fdc62c379d2a240460943bd244924859b781ce,1568
0x6ec1b6a611926f8c33642f7edc2bb13462900bd0,1568
0x4df14bce10a5ec2e051df9088a88f8d69d67d5f4,1568
0xd377b3e1c20678cde1b922b1c148cd0bfca3a504,1568
0xf333d6b04d27a2c5e21a339478d8fe165f069ade,1568
0x75d863e6328838e5b930d78de2d144c867c6de7a,1568
0xa153dcfe203509cf292634ac3bcaf5ca1d4cc517,1568
0xf725a0353dbb6aad2a4692d49dda0be241f45fd0,1568
0x2f20872b1517b641bdc0680cc279e0ed33e9b41c,1568
0x5c51cd9d32bdf1e8913eb989041b34c00adeed70,1568
0x59b55856bb868a7bf4b34217342b5c18f5e15cc8,1568
0xe29de8c6088d241647e6456f8b4755a3d0f7c8b1,1568
0x7d50cf9ab27e3e1cef8218a281dd312e1b9c6cc5,1568
0x6f35b0cfc58eb1e21eef8a439bbb0ce4c929d32a,1568
0xe1afeecd2e022d9655eb2634f0785508810c860d,1568
0x32e806a08323dafc0e02a666a2aa40f49e9836e2,1568
0xde923df474661ddf3727c913ebfee3df0b37beb8,1568
0x95784c6676e9d37f340e4c7c7d0e647456ddf22f,1568
0x9bdd171cc0ca866cadd025d7bea14d021269242d,1568
0x3cf1b6c55899f46a90187eb820e212214508ef50,1568
0xed7261a8616d6a55a3647cf71e21f8146832aea6,1568
0xa5cc7f3c81681429b8e4fc074847083446cfdb99,1568
0xd7be5692548d971eb47dd7705df2998a87a2c86d,1568
0xaaac34d30d6938787c653aafb922bc20bfa9c512,1568
0x577ff1df8c33f95c6180bcd7b56251a9d1f3422c,1568
0x333601a803cac32b7d17a38d32c9728a93b422f4,1568
0x486843ad8adb101584fcce56e88a09e6f25d16d1,1568
0x0115da7cb6a90ed1b025e59dd3b985f7d1a0207f,1568
0xea32cf979bdaf8d3bb4121d58515d4623a27f3e0,1568
0xd6c7684fada853116ee57cc8be2bc0212325b45a,1568
0x5b8c9b17b6435ba390d1a6f5e141f2a36520c767,1568
0xe1af3e2d0accd3aa7da880ec82c93a0343db6753,1568
0xc923dd451dfb1fc6a4608982c6c077414da06a4d,1568
0x0d041b9a156763523400e398d9aaae903f38477a,1568
0xf0f3cf89a05057eb2e129083920d81ff657f9f76,1568
0x8e77d399f5d5357f1bde637de932b37eb22b9ae3,1568
0x8b7a5b22175614ee194e9e02e9fe0a1b5414c75e,1568
0x244fe02fbcf4db4ad96063b161f00e444fc54011,1568
0x909c4d8e951ee31c846f25cd6f993e7e1f3341d8,1568
0xa7449576ed057677662b0d87452ae06a1f0f13bd,1568
0x76f1815b6bbfb7105ae04fdcbfca1e6be47acb93,1568
0xa5f3cfc08713c5e3781a619568b83939ff2a6678,1568
0xf37d8a796e0a903b07be2c32ee563fc0161f22b1,1568
0x283125b8dba28469eeb4bae5e1acfe44df9d101a,1568
0xad835faa5e3b201b2b1732ebe8007c15dbf5a411,1568
0xe67aefbc4701df1a759da30d09d2ecb9b42a08ba,1568
0x25f4ef822c7d0f92e537411a2af913980e52b2bb,1568
0xbbd75db64a9674d35dad240811ba0880ad0e106f,1568
0xef541c2955d66417ff1516600e2e304991618bfc,1568
0xd692ecfea7b7fb6c197dcb6de07b122cc19ab764,1568
0x6bf0443ae7288a126c7a798572ad43ae78c62b6f,1568
0x774eaf5d31feb203e0be0c2f6f1cc62c3bc76696,1568
0xb5cf6c54887e03716d1c6ebdb0e9f49d0c3bed6a,1568
0x8e018350d31c897ce2f1070fd40855d31c849465,1568
0x6495bfc3c0f9a01b24582790cf2ac67b31edb9dd,1568
0xbfee60d23c6b3c6e27611ef7e2a9ac803d07f9ba,1568
0xd4f7492a526e3efd9fa72d01a2faa27f64a4cf22,1568
0xbd6043e2693b2807d182c7d55f5ae96ac1d895b3,1568
0x24d73ac1a99d60ff5382f7ba29c0a3bd89df6cbf,1568
0x7d6980fa5a4762e20b52fc7264d9853fe856b69b,1568
0x2e97778b97db81b62eb64103813e019f353537cd,1568
0xf2e1e9d2ccc6190c570d4d2a15224a0ee0a45b40,1568
0x54f54ac68d92aaef256550957b4d8f9d5fd59604,1568
0x5a1b8d6a57445deced8f816310fdb0aa6367cf10,1568
0xbae1b94df2349058d793e6c16e3c97d06bca75eb,1568
0xd6b1a621fe2e8191a5f399c47f1b5f19a0b19e1e,1568
0x9e9ef0b615d4af21c01121273498ad5deb5a3785,1568
0x194feaadb5972dd0451baca1300921c730062e77,1568
0x47274cc4b6519a655033ddafc9357d662de876b2,1568
0xc1d10c9d08cd1600fcab60d9ca7cc09601870fe5,1568
0x566f77abf90a9d989105edd726b4ca738e5b0519,1568
0xf511977e59289622a7b74ff4df9b4f1eab7e0c95,1568
0x1fd2978ac57fb2f459ef1ab7812b58f29ab437ba,1568
0x6b30761f3cb800d4a09dfdbd403864eb943fcbc8,1568
0xe5debc1c80bb11e49521c3ffb213a1aebe41b4cf,1568
0x725726af9a2e939f3cf40a7553f3db3de6985d09,1568
0x29e40dc2595538f0396af65728f81b777c5678b5,1568
0xe7b9356d40c7b429cf2fe227ebea9908dafc9006,1568
0x97de65d1757ce193f77e5aa0b9c2437a5ebabe45,1568
0xc18fdd6ff05289db81dbd02fc8c7cbd4d858ca1d,1568
0x35e057137060cd397bd82e3dff54beba480e7012,1568
0xc4ea203e2eb096c4d949b9a64a5d49c0a8a1d8b3,1568
0x0f58ded458ffc47421d932aca2e11e694bce14b4,1568
0x485be95e7c86550e76be32137148479e89d713d6,1568
0xf30b672375ca970d31bcfd5ea30badf1fe492030,1568
0x002e3ab4bdf0cd4295c0f86e546fc6aac6a5c3c3,1568
0xce420ca2a9686512ee4e01976e1fbeca2b5c4e99,1568
0x2a00f63af45627ff351549106ea735bd973aa86e,1568
0x4003ec66153c090ed649ce822e30caba11727527,1568
0xe6f61afb06caef91a37ba354d65812058f78e6c3,1568
0xe0b46802cc56801d410bd15ab061e6a3b7cb8634,1568
0xc949c2f384f0e0fc848a41052e7d0c467ca43d54,1568
0x852a15b88fa3c8d2302d9f24418fed07336a2450,1568
0x1d8b83d62da17af2ba986fbc0a9e1215001cc903,1568
0x48dbb9b7b562acf3c38e53deaff4686e24c3d85d,1568
0xbd71f5e17ce3f43270d7682f36dcbe7c3d8630cf,1568
0x7e1e826728c25eae7e4c50e189918ddc929dd1dc,1568
0xe838e2eb5ed076c6238208dca068e12068ef7377,1568
0x9e184d5baa4e52222fd9e6acd72a9364d7b9166e,1568
0x3b639b923703cafb6bd7e42c6804c249d9e2c1a1,1568
0x2ecb2571202cc33a3e9a5a810d6e0a035bb6eab1,1568
0x28907f54a11f73414fcd906a1823f8f71cd86933,1568
0xbfa43bf6e9fb6d5cc253ff23c31f2b86a739bb98,1568
0x6acd98b7f9d818699aceb70f5e87fe148ccbb988,1568
0xa6cbb60eb7eafb9e700a1f8d58c11f611587b70a,1568
0x06396502eeea082f1778ebe86efc026e8f958139,1568
0x5a9e792143bf2708b4765c144451dca54f559a19,1568
0xbf56341da6bab162f14147e287c38e29f45eefd2,1568
0x7e5507281f62c0f8d666beaea212751cd88994b8,1568
0xe68593fbd0838398b413606f2e8099474b97da86,1568
0xcd4a95ef8e9daddfdfa71623ae2b47c013268f13,1568
0x9d387ab7ff693c1c26c59c3a912678b58368e9e5,1568
0x562257821731283b842cf689df9941ddbec3a2a5,1568
0xe6a3091377b9018175cb57f8b37f41263fe2177c,1568
0x25b53b571e653ca400b6c4d050ee4e06f3d68589,1568
0x286cd2ff7ad1337baa783c345080e5af9bba0b6e,1568
0xafb5b05afb592fba50d094d294b3cf3f0cba93a3,1568
0x25eb38494d97ff5d966bf2431dd14010b2046a36,1568
0xb66924a7a23e22a87ac555c950019385a3438951,1568
0x2be21ec97c340301e903f65f66901a23c48f4873,1568
0xc0017405e287476443ab1b342b86f2ea92ef9f73,1568
0xe7bd51dc30d4bdc9fddd42ea7c0a283590c9d416,1568
0x693f3210279d0c51a20781b94824c0ae5b783e89,1568
0x13783136336932a54ae5a5939b237f78ae369036,1568
0x4b8ee1eef0bd930c2277a60c839834b142b373d2,1568
0x67a6dcae64a0a3fab7f677441b8809ac7b182768,1568
0xd67c34169b372d5b3932c548a940d4ea74fe7af5,1568
0x03c6317db20a085ac1ee671738226732cd05b90e,1568
0xbd5abdbdf41e2a36803d92310c6e06acf8174fd1,1568
0xf1f1ace1f221379633d2907835231aec4f08a886,1568
0xb27843028441a1ee753057980cf5098a21e71567,1568
0x37b699d7eead58433d352d1c77b2db1391f11ce5,1568
0xb98d4b9af04569d7e1872f09c158e8a81a22db18,1568
0xd462bfe2035d76dfd029c3989bd25396f23b8042,1568
0x4196d3479fda0ebed8b67ff8b3134dbf4c35f1a9,1568
0xa093f263033f45d4805052022af3eca3118755ae,1568
0xba88168abd7e9d53a03be6ec63f6ed30d466c451,1568
0x2d4c6f468b6e83658916b2121a50e4c6db10af23,1568
0x2b0d29ffa81fa6bf35d31db7c3bc11a5913b45ef,1568
0x14a03ca8740a0044e63d3bb0432540d9509473d1,1568
0xe258cfda93e8bd42b95fd91f09f73f44c18b9a44,1568
0x6a4c5885a1a4b4ee9444d2028da6a89436d4c823,1568
0x51ffd343d6fecab9e9c5640f0e6a67dec31bc76c,1568
0x2bc99f6c868b14ea6bde976ce5310f6115dd1382,1568
0x050ac21c63ee3edddbe27bdaa7a87b0c9f5fd75b,1568
0x2458d812017ca0e246a3236df55d99eec6e80197,1568
0x099594cc082e55f42cbe38425f853f2a937e55ea,1568
0x94d6fbe307dd1669757d407fc9ca2ae755eccff4,1568
0xa82fcefd303fa68864b787a5f118b09ce5a4c93d,1568
0x5ad9af22b0b2603d7f9d8b8fcc4d262aa6f5de87,1568
0x80778937998a7b9d80ae116918242065ed1a1d22,1568
0xa28817d251ab8be690691d831386e865fe5c0f7b,1568
0x65b5c1dc1021da1f8b2aa32464cf1976a1fcbaa9,1568
0xc681ca88420efb78a418f06c2f511ab130b867fa,1568
0x26a6dc267e276fded7b40251c8fc08b1b40df367,1568
0x7c3d60b9e092796d0961989c19a8dc6ef5a3efc8,1568
0x1ec0dde402dae69021492e7a9c4cbfdf72ffd84b,1568
0xf08c4b8a8fb826d55b96dd693ed3e881155b1af4,1568
0xdfb7009edd56ada61ce83ef03111815efa604c7e,1568
0xbf4e6affa7fe319c62a6ffec49ac73b3164798d2,1568
0x3cfa7505b674a690f992ffe62f916d530354478e,1568
0xbdb4e903f78561d2989ea9b39fa67e568d55503d,1568
0x8be902e0873a2a8bf8a4218e75c7e2b4419d0d04,1568
0xb604adf39e054243aa08840f66226a78feedd4b0,1568
0x33e0495bc635764ed6167cfbd8f65646f33a30e0,1568
0xd4c850191134ce5edbb95b607e496cd018ec7563,1568
0xaf42e51b8d38876d6b3af4cae83aa513c35570c3,1568
0x368c4e8933cf3577ccc394b4e05b4e03691493f1,1568
0x97d1aed15265a956b70e7f49d12581ad3a843509,1568
0xaef4fe914862a43a13adf1ddc011788cc7a41cda,1568
0xd84e11bee5d555ccd905817cb8cbbd5b6e6c4f0d,1568
0xc5aaa9e926a10fbff58310bca2ed5f3080d0b363,1568
0x87b3c0057e8a82b14c3bef2914fce915fe1f4c01,1568
0x289256fa6de33947fd292a9e94a738c3d986f8e5,1568
0xf69ea6646cf682262e84cd7c67133eac59cef07b,1568
0x96c53dbe55a62287ea4e53360635caf1ccce467d,1568
0x99cd7edf3a6c90a0168c213f22935358bbea8c38,1568
0x136c65a3f31682fcf683906ddbf3c76db2633f99,1568
0x8e06b982960f179e46db02c64017537c5788aa9d,1568
0x2aed59756e2ebedb9431c908d9dd2b940df719c6,1568
0x11934c8e36738c5240ee3b8bb41eab02308a523b,1568
0x984992922ef433f8c6823613df8dc3cf40b967a9,1568
0x0ca5ec2afd63a192de5aa103f134bb59f0e47f7f,1568
0xa2b1861a76d25a308e5ac5be72136fc892ad8d97,1568
0x9cd66a0c7aac8339453b4bfdbdff5961a12d4eda,1568
0xf6092c8af9f00a7d611f0a437997a98e28215c3b,1568
0x346563d78537987beb25740b6b9aeafe9bae5073,1568
0xc4c7e8b1b53625b3c4d03abd45bb8fd3a2600f53,1568
0xdc5b961a5ab04ac38321c89100584fb965721931,1568
0x4936b9c84bf1a3b6b33e6b82e64ae42bcc57c7d9,1568
0xa387c87102fc0b51939d0cf9a86f7edd05291d5c,1568
0xeb9406d296919aba6f284f1272e7ae78a233b6cf,1568
0x4d24fef69e754c012633ca13b9af40a132e1f107,1568
0x9ec7ad9db4433e6cd9b31c599a1c9ba84beb22b9,1568
0xa35dea1466b6cf14a1ac1a1203578908399e560f,1568
0x847c6488e340db1c6c3ea99f5248650f84b81aa0,1568
0x4f8406e2dfb148ee28292a11b2a4dfbe0dbc0c72,1568
0x42dd6252b9be3dad03220e8f730c300564d741a8,1568
0x43204b3ae533545f4d32ed323741d10274c5e867,1568
0x44124705c708d39247fc9c6fb29209006e4d9ae6,1568
0x49379efae465c8d420357142477c09386cc1e764,1568
0x64efd25acb62cfb163aee9de410262a1c7d17a84,1568
0x3e863b9ede98c4c1f256a9ec507a5fe4b7587817,1568
0x244507adcdad04fc77220a1f57712283d74728ac,1568
0x87354143def0bb1e1b87745261ad71138c4883e1,1568
0xa85b3f7473f1a4dd1f733296080a2ce96ae33efb,1568
0xa14ae8cfcf1d4293b199c3ab2c7598efad1edf60,1568
0x0bbfe59c0d906a8dbb03bf412b8d52c9287c2846,1568
0x5ed82a25dfeeae0c35297b605fc9c63a14cae0fd,1568
0xeafc83bd210706fc3930a32dcfd8920e953c3622,1568
0x69bd161d8abfdbf7316b04beece9ee89c9352862,1568
0x9e08596e5cac650f20fb088d2e4993d37a4c76a0,1568
0xc082bdb52b9f341d8ab5d8ae9da708d13c230cca,1568
0xe0d2a2fa775cde2377f802f557123804b5b8473c,1568
0xde01c0e6411abf3bfd6ac3fe1ad3748493d78136,1568
0x3168a9334c9106bcc947b4ac0818eb1613b91e64,1568
0x699fe57573f418e9670fc84b30b3f7523f49af8b,1568
0x6a6743b85899cc2571c8034e209f74f5a92a0e9b,1568
0x529109d3e06f2acfc520f27042274e8dcd44eddd,1568
0xe165b257e2ba1c72b3991c4126fbe2a6af33b7d0,1568
0x76f5a3c397021c02e2f2520aa824ef64e5e135d9,1568
0xb4a411df5fbcd24d51a40ffb1445730ed100d9d7,1568
0x43d778a74493177e025dfd9aa7124bab2864e4a7,1568
0x04b5eaafc9c6fbaef1d9851b902bbb527e76171e,1568
0xd48cd53b24e1ffb9fcf83e7eeaedcb1ba73ee02c,1568
0xeb61c8837e820767ce6155865818f0d2cb182188,1568
0x361d5110d5ce713c908cb530e923c7c542f7ee09,1568
0x1adfd7bab354f8db167648373b49c0cb3497de82,1568
0xf5a93410e7e32bbf28a8eaafbd7f241cf0b290fb,1568
0x1db2ebea736f8653e6b8d927801f7ed3eb8bf47c,1568
0x1d69d3cdebb5c3e2b8b73cc4d49aa145ecb7950f,1568
0x42141fc6ea7cb9b8ec5450a4cbcb9bc40b5022e6,1568
0x7dd440ebfabf2960d86c55f3f88962fbb2ab15cd,1568
0x563a2b808897e9777a55f6c7e2a1f68638c00738,1568
0xac0f76a8c30e23bc197d26465e7be319713c5224,1568
0x369c54b1e66c5b0c0f7d983f9dae9e427b88edd6,1568
0x4ff94139209a3945c9e479bee624c22f3b837c1d,1568
0xfa9c06c652c03bad440ba624811cc270f2f470d5,1568
0x545fe5914418fdff836ca163241a9e141d84f5c3,1568
0x3113558ea6918c3ae1d9247d1d7a3f9eff5888d8,1568
0x56901449d21a076f1956bdc2cb3e46b630b8ca98,1568
0xf3fd84221fb1a9a2a8e42f22fa21cfa13074a1c6,1568
0xed37e97e2b88555d8ac7fec9918f051db65501a0,1568
0x7fbb2005b74398d50790b0e289b01daeb652f6ae,1568
0x574c30f968dc3dce3f1ec5d842b9e81ff5905000,1568
0x1eb695d7575eda1f2c8a0aa6edf871b5fc73ea6d,1568
0x1adc09fa9a173a13dc5b4e0f85d1edf7a8c10f50,1568
0x65f32db68e751c4dc11d822145903cc724958343,1568
0x803383346b9792a1724e23bd44734107a81ebb03,1568
0xfa6e8d1657de6e95d1f04d2ef5d144a9e30245ef,1568
0x4ab52c1d3188708568c73f26c65a8d6abd2907aa,1568
0x979a57d9a295c8c377efaef04b00337fab19a2ea,1568
0xca2fc03bd93e86124a954f22105f3a27513d3ec5,1568
0xfdd87178e0ee23c3f6c1698aa208c4c316c7b90c,1568
0x499eb561220eb358ccbc5a72d4cdd4f5b76a2d2a,1568
0xde88f422fb0e857babab99b805f0fe994db1f624,1568
0x248556dc979e8b170a7b8c249131707e53b8f443,1568
0x139e58dfb7a87a4f535a4e1fae1c4a64325349bb,1568
0xeff0c128d7c5c39b06924d750ffa0296066a3220,1568
0xcf6e532cd4f3fb88bce23d89991c1fd54240ffc0,1568
0x4258ad8929893a1404bf04152d888ae8881a9be4,1568
0x9801e68c518df0ab22fb8394d3cfadc8cf055893,1568
0x7b1ebf2bb08d5b3ca3db586b79e9c9ef8f88e23c,1568
0xa65a39e1aa15390ab2ad4d3e75a184401dacdcc6,1568
0xc5ffbcd8a374889c6e95f8df733e32a0e9476a9c,1568
0x99ca1635a34ff9027998b268e8dadbd096111338,1568
0x8df24569a74e094bf75e17d1f0c238d39b5e17b5,1568
0x26e2e8a24e867e5e96ea0c4913e659cdc8a97973,1568
0xcf2b7c6bc98bfe0d6138a25a3b6162b51f75e05d,1568
0xc3598d91844b061195136600ad243b077cc164e2,1568
0x2afc91a1c9a94dcdabc5dde6a7ab810668c49583,1568
0xf6c067a33cc96af8d932ca3bc120995a93445b69,1568
0x3009d74953275af94fae6fe7f89b891688bb2c22,1568
0xb8c15ecb9144f70ae18818ec12d28c5df78202eb,1568
0x5cf12deab3e723da4a03dd0c4d2a7956aa621ad9,1568
0xeea89c8843e8beb56e411bb4cac6dbc2d937ee1d,1568
0x6ec22ca940327bd5a1536c0c2248163823cad5ae,1568
0x205c8d753329f1c937a61d7bb35ea2eaa72146ed,1568
0x4a5b8cf45d9463af24fa4dd7691e2f412147ee82,1568
0xf377c6329b3df84bae7c0e0d0923e9ba8264f27d,1568
0xf7c454feb83b0886f21c2a1fed78ecd246529789,1568
0xe52dfb1c7cce4d88f37fcdff81e851db4b9c6e87,1568
0xe00bafcf84d293ab2d8e40f961bfbbfe318b283a,1568
0x4bb4b34f4ded329010fdfaae5d7bd491c4f6f2ad,1568
0x074edf78d4925ee3c0f9ad61d231f3afcb85de5c,1568
0x789e8dd02ffccd7a753b048559d4fbea1e1a1b7c,1568
0x76a8375e791f5cda8fb8528cdd92090527fe7af5,1568
0x9688948203067cb54d6e8c26ce2e22de2769ae87,1568
0xb5ab290e152290b6bd5bdb04e23236d3f9d4aaec,1568
0x3fc08a97d567b571cfe4e2e33c0eb1f41705f428,1568
0x195b8b9598904b55e9770492bd697529492034a2,1568
0x119da1d166eb4d41aa0b9e597078f9ff5ef35464,1568
0x9ac4e940e9f2dd4e3fdb94117fc014558a05b954,1568
0xa331897dd3300c853a19d5327d4a12b0550c7f34,1568
0x8ea650d831eaca6b84360fa9db45f481e0622a1f,1568
0xc77b7a5618dc03bb89b837f2c016aa6decce86f9,1568
0x89602c5cabac166f77266b937113181f24738c15,1568
0xae1d7125f495fa8b84635964a0100e037bad94cc,1568
0x2fb523a295a3b194ee24dc358ba98865e61af6de,1568
0xf5dcb2a47f738d8ba39f9fa2ddc7592f268a262a,1568
0x648174333697082875c3187c6c2571d562b422c5,1568
0x69e22fbb1e95c26c39fe445bd60ca219c91ef7ff,1568
0x0d5d4e0ff56f8f2a876bf2dcd703ec95e86d57ba,1568
0x38f825c3365e8bf8a135e50ca830f63d2592251c,1568
0x56d3f3a73c48391f413e1d9353165fdb0c7dda3c,1568
0xb173e20b4d43fdc2f9008de354c2154f7e23e291,1568
0x0634537bc26a0520f22fb66d52db4d3c6edcc019,1568
0x4bd047ca72fa05f0b89ad08fe5ba5ccdc07dffbf,1568
0xf5793f0affadbf3421a775d4e101f169c8abdc8a,1568
0x38506f570caca414e1e8bc6827aaf683dcc3f32b,1568
0xbc9772c1249795a8051897ffa95bf504fea8ed0e,1568
0xbf51fab0323d6f14837760b5a8a3c6e195fd0b2b,1568
0x3b66c992860abd1ec94b917e222dca78ad55032f,1568
0xb8c7d022cd06f5e77e568336fa3cc3b06433299f,1568
0x628664e4040d437e8b8f1bec968b279d56bd8006,1568
0x7902dc17644cb68fc421d3889e77bdd8125fddb0,1568
0xd7ac4581ef4e2bb6cc3734da183b981bfd0ee2a2,1568
0x7ce544461856f2ceb97916886c4a36b3eac58f2e,1568
0x6853285716a92af6dd07f2f6aebca23e5b13f8f6,1568
0x0e16fa45c87caf641822e1c55b36dec5995209f3,1568
0x2ff538156d5940b4febdc99a5f0c56e0ccd04794,1568
0xdcb4267a57d3ea0da2a482ea7b39e1f024770a5b,1568
0xc1f49bb13146f64fed29584d02ac413ecf694e1e,1568
0x50012f6dfc5503b0e8286c421b558bf89c60b9e9,1568
0x94fe71a74eb3da319beed7d71ffd212348632ea5,1568
0xcf88fa6ee6d111b04be9b06ef6fad6bd6691b88c,1568
0xf4e2b3cd2e2d9ca004fe61f3c38098dba5f227d6,1568
0x3f1e91dad2d9522bcb181ca011cb46f14229c7b6,1568
0x8e0caebfcd63701b808b49b97aa4386a3c54a7fa,1568
0x7e7ffe837adb798530d294b68cc543733a40f2fa,1568
0x947089cd0a8a040d53a8707723a506851268070e,1568
0x52932f5b2767d917c3134140168f2176c94e8b2c,1568
0xe3015d142500be19165e9de1907f295d3b3cb947,1568
0x09988e9aeb8c0b835619305abfe2ce68fea17722,1568
0x3a12725bed131cb2e618a900e3ff861bf1a1407d,1568
0x5a20d2f371f2e786e1af2af8b75f544c0f71db94,1568
0xab30f11201d6d53215729d45dc05a0966c237922,1568
0x763cd78b12775227d4948b4cb8aed647c9e9b37a,1568
0xc002fd5048f462988e0eaf8d4bcf267afc741fa9,1568
0x6f5dabc4688c0b989caa0b20a3bfd9e5e4f59ad8,1568
0x6f8bcd9b1f7bf9ac0646d2f1b840759e0d0ade4d,1568
0x9cb8c1463471ee4d8dd6887035f4835a1745e92a,1568
0xc83b44f273225f9438cbac3bd0454b43851938e4,1568
0x0ba4be373eb2276084ad7ea214d50f65abcc0fec,1568
0x3d9fe7337f067dd52d1dc8cb45490b1ad6c2f65b,1568
0x150234b21a5f612d9c7fd1facf32722249fcc0c7,1568
0x2027d704ba73aa35a3c6dfe1aa6b94f9e48afcb8,1568
0xc2ce1ecbcc7f95a8f2a42dcd171e359fd52303ef,1568
0xbd0b197f1de8f0cb6efa059f51039535aa66604c,1568
0xf9b4a9eb79f7d77ec49f4c1a0a3805310140ce8c,1666
0xa4fdc2103b412cc142bd7715dabab06f08ef842b,1715
0xf8ea18f8fa1d7a765e5430f0f62419a0375c92f2,1862
0x4f813b5cf2750a59a45f3c5e50397d6ac02b64f9,1960
0x0c2fc8aa5c445a075cb5ddf84aead03d0ee46516,1960
0x1547c9d755b9fbf3d89daa95ed395e42014e48ec,2107
0xf114fd871c18bea315f639266bb43009ec82685b,2156
0x487a065bfe61e8627507b87307b7a0f51434c45c,2205
0x2531b2ff6a7f08c6ab12c29d1b394788f819deb1,2205
0xe3562b5e3af41c77a54c918bbbc59a099378985f,2254
0xc910af16533ae7d35da85adf0089453624fabe48,2352
0x987ffc303bea07c4ad724f2ba9800b1fdc6a7db0,2352
0xc01dc0ede4c9c94b789eb83f83ad0aa7c657df09,2450
0x04cf1f492f3081c42a2bb3637ec207d1af667173,2548
0xec0d280929ed4a08f367cad07bc5a3bb4bb07687,2548
0x87d9c2d9990a9f3a18f1377ff20d9945f9eb3792,2646
0xec23a94c55e57c11646ea9b6ae5b77d952b0b05b,2646
0x50d09425fdf7e990a0aaa8ac6fdccc6086479f86,2646
0x3f0885c0522e7cd43b378f6b9ae8eb5ffc1fd925,2646
0x35f272a684b3d5ecb77584aac5fe1f4a0ca0c379,2646
0x17a985095bd612a9b6278f8dd8a6d91ec79dd81e,2646
0xe445d3ef20ab80fb091e1a64279604c399b18c64,2646
0x4d28a2fdcebe22d6773cda02fd30386f2f788e38,2646
0x4122ac127311bb4bd22cec65ae3a8007d8ab9489,2646
0x4fc2bb8ba0ab6095ebafa5eba65648b6724de821,2646
0x22aed7dce15da467b4cb779561d1384fdf69cfa6,2646
0xd561ba5bdbfea7a39bf073b7520a7273bc767131,2744
0xa51cc4578939370d3b680f145830b362585964d5,2744
0x7bf4d5e579a26dd09f1dddb2391566e7ba575b5b,2744
0x63e788c3f98eecc0c69aa8336f806c907a449b9d,2744
0x734740c70db02f5710207f1d12df47c710665206,2744
0xfc1f13667c2cbc511a26e4986b535699dc9fa7e1,2744
0xa3c7a8eaf23d2dd89ed81e19a5de8c84e26b0c4e,2842
0x2fd499305b13c207adf59e4595b1072014ea23fb,2842
0xb3a02c65ea67de71d5a886e4ca9fa188f9345877,2842
0xbe88a76345edeb296513451925139edd537f2880,2842
0x89b5deaf887ef9e3360f5e3347e6bcdd738778ba,2842
0x80a67864916a33abfb50b04397f37fbc2de2431a,2891
0x522273122b20212fe255875a4737b6f50cc72006,2891
0xa53c145eea6c83ec94d83baef8b017103c82a9fc,2940
0x7c7954ed2ed9062cdf0f64a8d2180a3e638302a6,2940
0xccd243591c85ac52694fb938b0eab37ff7248f36,2989
0xaa584127b91100dde6b52228c28848a7b1d059c9,3038
0xa6a6299ae4b0c91ce9b7d24e96cbd48dc29cac7f,3087
0xddc736ac67546c06f004dfd981bbd6af089c360f,3136
0x2638bf07baa4a246af902ad19d3d14e0dff0ce97,3136
0xebcea89d0e3beb500449f7216bb0f456d1fd93cb,3136
0x9b9511d2f8120e5c0049a319ea131abafe2fef22,3136
0x5b1c563899a4d2038066b6139132abaedf66ac7f,3136
0x9e1e2bed5271a08a8e2acc8d5ecf99ec5382cf7a,3136
0xb8c270e2862e333468e70e81d406f6a2e06ffec1,3136
0xd79e1d1151844d01d12a6fef705eebd265548c06,3136
0x782c5d655186a4222d3bc5bfd2b5760b96dc10af,3136
0xefcc4c68e1ddfaa4f0fa3a7479f0fb082f96a56b,3136
0x1d8ff8e84bc6c5209fe1e8936d8efdd109428d33,3136
0x2598b55772f0685156ff74c44980b8c28344b75b,3136
0x6cacd0aeade45ead6badae6bd7830cc65889fca9,3136
0xcd882ea4a38968f5d8ae4d7c77d8c20317a2dda0,3136
0x113552d9d31197db3a09005cc85bd2caf63ae9dc,3136
0xd1bea81dd97d4fcebc5b25686bdca04deff3991f,3136
0xadb70cc8a8f1a7a68db90372308184c501b575e1,3136
0x1eac5345e9f0dd3a581823adae2bba3bc189dd23,3136
0x450638daf0caedbdd9f8cb4a41fa1b24788b123e,3136
0x3961c52d3d8fc13130f191377244514494acac69,3136
0x4feb5e8b30b355653e27470ef4a1f3d5cd355762,3136
0xf8cc874fe4696131725018138fc4bb44866433e0,3136
0x760e7b42c920c2a0feb58ddd610c14a6bdd2ebea,3136
0x96774b92c7d0cc97a83af06ce68195fa68590270,3136
0x7ccad45fcbbaecd43f960c5af4e82ed2a0021d7c,3136
0xa530f7739413e787c205233658185edc1e68c25e,3136
0xf86a588f3604e3b12899f710e3d572f76ffb94b8,3136
0xcf3ca47d9fbc44016bd63514b4e310f208825318,3136
0xc2929ddd347870cd31d3819706e49b20ad601bf3,3136
0x94ef50afac9c04572813f36fb8d676eb400de278,3136
0xce7a9f981a2a79c79340297edff7bb6b73f71913,3136
0x328809a567b87b6123462c3062e8438bbb75c1c5,3136
0xde0639aa8a85cc9ea40f53f2dc2ad3f0d791b69c,3136
0xfe15cfa5388ceab5709d197b83becb22688351d3,3136
0x0090720fed7fed66ed658118b7b3bb0189d3a495,3136
0x230b2e139a7d56f24120735a32e9b33459a4f63e,3136
0xc4508a4910be065b4c61808f3bf7ffde27d9110f,3136
0xebf02c6e12c3ee119abba161c40bfeead0a06b15,3136
0x17d05c8f7f495a652fe506595ece459bfdf3ee83,3136
0x90cf29d515bb9b8e64b78f113213b0b9e92bb5a5,3136
0x288a23d072c7a79973eec883d7dc037571be0a6a,3136
0x0eb9a7ff5cbf719251989caf1599c1270eafb531,3136
0xf46b076ff8ac8ae163fcd6d9a6e076903845cd09,3136
0x1a50a6238eb67285ccd4df17f75cce430baae2a4,3136
0xf220404cdecd90e78a280b2f13f0f9cd3336b1e0,3136
0x38e54e010ddb1028357fd3d765dbdee02df18565,3136
0x01fd932d6ad813576f77fe76097634e3749f9038,3136
0xe152181e1877f5232303ce6280a81a311eadc4bf,3136
0x11df180d9bdbe90fa51898b3d59959549d589426,3136
0x5804d66dd4337e0d159b480156f91b8ff62edecf,3136
0x99e8420d53cdc2bef8f72ca1aead5e2b34a0cdad,3136
0x305dc4756c263e4d4f44961703289505861fb3f4,3136
0xb8688028c54efe7d6e27405616526b23c7ae6948,3136
0x7c7d093b4fb96c89fcc29cd4c24c15db0ed669df,3136
0x711cf786057416972671989c06d5a9c4e546c7a8,3136
0xbb08ee9575c2f68a4f28b46233025f812146eef3,3136
0x7032739876e32b1256e62d17c88c011815d53362,3136
0x455fef5aecaccd3a43a4bce2c303392e10f22c63,3136
0x120ebfe81c44003cd5351731709e30f9681daf74,3136
0x3d000bc0493812fb659253dfff892958280b0e3b,3136
0xa91531e2b92265d071d60bbdc369612999b4dc2a,3136
0x2a9e3ef37385a0f284559e4cd2238c7248bcaf42,3136
0x02e05ee56285363776cb03acdcf8566f2565e9d2,3136
0x425baf9bd7ec1f7c3319c4505700f75dcbe49df0,3136
0x7450c591a966741ac5f5eab8e508202e4edc7352,3136
0xcbbea7ec33d60db283ab79bdac9ffbfa46a83134,3136
0x6e09d689451decfd0c990532e6957edd35111d7c,3136
0x4f522cbcc4e1fa79440d0292a5cd7507d1f8987f,3136
0xb74e5e06f50fa9e4ef645efdad9d996d33cc2d9d,3136
0xfb674b7fdcda0851360e5f7cb8f80a29478897c9,3136
0x20ff7e19c8ff23109eb1661df3b3c4f36ddadf1f,3136
0x65fd5706bf3ea16cf57c73d33add10b483bbfca9,3136
0x034372f8376212b94844c988f4a817d396d8394b,3136
0xad125352a9d1ab57395842ab3d21db0ac63a194e,3136
0xd93e1404d732cfea9f7d863c92efe4e408857b7a,3136
0x2441b7eb64d3e718a5557bb38ab0365b2e1380fc,3136
0x07a1f6fc89223c5ebd4e4ddae89ac97629856a0f,3136
0xef64327f69973c1d9c2c20ce13d8b08889a47be0,3136
0xb649516de0200e7ea9ae4c65113436c58948b72f,3136
0x820f8fe0738fc4ba070e9d8bb4f8e6296044f256,3136
0x918ea88373c692b378c685be91e9a55c724abfca,3136
0x99df83fb83a70d08be151fa35ba09707d41dd84f,3136
0x4041e9d98f794ee7d952d266c1a10707a0af5332,3136
0xe76091f84ddf27f9e773ca8bd2090830943f615c,3136
0x012e168acb9fdc90a4ed9fd6ca2834d9bf5b579e,3136
0x032f84aeff59ddebc55797f321624826d873bf65,3136
0xe350d76165e29ba1770efa72ea3ff32478c49de7,3136
0x08cbf077180d45868cc04d8c053ec37025545933,3136
0x2452a22b8749f37b9131d10934c3777374237f6c,3136
0x08d816526bdc9d077dd685bd9fa49f58a5ab8e48,3136
0xf5d4a3b9fb77d1d5600a10e0e1c4efd12f9be751,3136
0xd1838c8d2338717aca9d8d46e21bab24d90befcc,3136
0x0001b874a65bee9bbe4e3a6b043b6a76f83982b7,3136
0x6232d7a6085d0ab8f885292078eeb723064a376b,3136
0x75863c5dd30fc162d7e6b30a6caf015cc4c066c6,3136
0xd30f2888e7928b52ea5bf4cb1d323e0531afe272,3136
0xa938aa1b390accb1ea2a5f672a66974b3c7096aa,3136
0xba39ae23c8eba7f0e1a7c5a9ba0d807661a6c148,3136
0xdabd30eead6b63c1714770769b1eeeb20e032738,3136
0xcbf48c9f485a0bfde7af39622d028cfa9a82b476,3136
0xc948454951290bbb83e6d56e6fee5e9653750e7f,3136
0x01e0c7b70e0e05a06c7cc8deeb97fa03d6a77c9c,3136
0x6769c0cecf54c84ba04b14076fc3b3ded8190bbe,3136
0x729e04fbe683c82be0df1247dfed8a63e56e55a4,3136
0x6e7609bbc3701f42ea56e068841cdc0955e7feec,3136
0x92df52000268fdcb6b41db2b060c49f2305876aa,3136
0x5f173935a4ec358bb9a157824abff997bc2e5938,3136
0x9a568bfeb8cb19e4bafcb57ee69498d57d9591ca,3136
0xf48d2dda5dd5a7248588b22d59777d36dd335119,3136
0x9fbf9e0799ee4ed0636cfe46ffa37ac943af2c15,3136
0x71a3a2102cbbeccd587bb2336ce4ab38e94bb5d6,3136
0xb14be0a9f67ef3e8bbf44cfc516ad17d186b3aa2,3136
0x828d97f928264bfd94208949a836402d91d61168,3136
0xd098632787a59d29c32fc5f2c0caed54f620aad5,3136
0x31e4a3ef430a729a133483ac783963ce41ceda3e,3136
0x011c5fdc967fa1a6a15a8e75ee71791eea6585c8,3136
0x7c38f4dd39d2f67824620c35471f65409e729af4,3136
0x7e86b2e9b9e6c0ee02b0200648d9fcf20557e3c5,3136
0xe75afa985de4f013accfc8b4dd744551c6eeb5a9,3136
0x0aacf5d8a327dc048055ba928ae79744863fc033,3136
0x8e29b3f71a8c7276d122c88d9bf317e857abb376,3136
0x53cb57bf289681c2d53fd5747b6c1b128c984d23,3136
0xab98594140d7dc21070fbe4106da840bdbe7494e,3136
0xecaa643997033b1ba605d32748cfe9bdad141880,3136
0x21316179a55c963171f55a154c11ce7314d9daa6,3136
0xc42008f4aadc0b487f214d738fcdcea1d0488e9d,3136
0xac75cdc34283406b050cadf4ea5902a9310b138e,3136
0xaca8d27230c0c19543292648a09e2ad011739f00,3136
0x07f286281ea34b8234c95c338d388301134a5f14,3136
0xd177031ea95177ebdbb3bfdcebf9bd09d08462fc,3136
0xb62e9f2e6babc43f2e0e38fcf951dc546706b191,3136
0x8d0172e88bd400884708318bac77bc69f76ae082,3136
0x8931d16b81eac47ff04ce23036ae524c6a2a1a17,3136
0x47ffc7da380e02af7afb63c786358e111a6d2ffe,3136
0x4ddf2cce8d6cb4d3427f0fb99de22b3939a0cc15,3136
0x8088f578198bd15775e9d534f82fa82422471dd3,3136
0x754f2d7fa80cf3cc148ad1678e408aa1f24a3f74,3136
0x540c14442955446b710c2ad9622866e8452fca5d,3136
0xe470abb64b9f03187e3c7f6059278642cc09bc02,3136
0xaf54d867aeaa1e2377485aa8315cdfc8ce0b379e,3136
0x3399966e6a391356c4e0df77f5cea9d7bb0bdee2,3136
0x4631823b7d2878e5b0a030e3fb42fc2987298703,3136
0x3c94b8a65f23bff83c78b59f3c30c12f2d25ca7b,3136
0xe97b503fcf4351f79d7debc5fa59dbc0fbe09015,3136
0x129f6940a95e195985e8e847f2289e01b61b7023,3136
0xb5931aac6086d7be4c9c9bb8826643d4b441c679,3136
0xd56e3e325133efed6b1687c88571b8a91e517ab0,3136
0x34cae1d9e2d014b7b9e6295c66c554d7e79713d3,3136
0x2e59833c819872f17c4822e5270290f5093ce732,3136
0x8ae22d8e439da5df2f03e99fe9e5fc8544f4ac2d,3136
0x44e9e84cc5e53270e38eae09120c24a0eabc3e40,3136
0xebfc22d1b87474d9b951d0bf5280f2f2bfc682d5,3136
0x4d2c310c7fac979a6bc0fba7ae1b05ff293965a4,3136
0x40f51eb502ac737b4874925feac8c970f9b01f74,3136
0x0fc40d659f8981cfce96397362af9138b122871c,3136
0xc7a0d765c3af6e2710ba05a56c5e2ca190c2e11e,3136
0x5cb0893ab4182a2ca69788a695504e4ff0dd221a,3136
0x18deced516288f8996db7504774626f722c707df,3136
0xa6b44c485d538262fd177aa68ab44af6fb14e6b4,3136
0xf3c2f29bd3199c33d26cbc31d440f66d2065c4b3,3136
0xe3a598f72a063e146f1f0ef380a27ea208c02a7c,3136
0xd7c6a86b7d67c363176b412ced35b7ed84b31092,3136
0xc447a43f3a66c8d2a0154efffb4171c45667f7c0,3136
0x8813df11cf5ddc4cfb234ed7bf78b2cfa9a63ce5,3136
0xcc89ec35fcecc62273603b6031f93ca692a54414,3136
0xd5afb7759dbc992e1d1e7ee3cf8331be45c8b7b8,3136
0x66da63b03feca7dd44a5bb023bb3645d3252fa32,3136
0xc2f8adc100e0f49c6b5c72e15299e38604e5c9d9,3136
0xbe5be517537e53f09e88bcdf61da238477dca226,3136
0xa66e02ad85461dbcb2800ccb8634f07c7497b9f2,3136
0xc153ec0252c0aa2e9b6eb6b34c864c6ea4487c0d,3136
0x0f5a6308b00e00137d7213c2659a18c357c6ec61,3136
0x9e29a34dfd3cb99798e8d88515fee01f2e4cd5a8,3136
0xa1cecd5e4f6683189c3d4f832a16600c20e5b42a,3136
0xb8d2b659d2458c99d4a06077b6d53c721ed8c1c1,3136
0x0fb95b8c2d19f1cbd2dfe9ecb3bdf992cb9e8b92,3136
0xb386b3370f3c258d241fed394050d60f7c421be7,3136
0xa1f257f534d2ea65b2b6be420d01e552114872c5,3136
0x219d2f65c0ecfc503aac010012705c84cba1adea,3136
0xc50297cb12308077c852dff5391f26af12378ba9,3136
0x70d3d73eb2de714ec307889f277728ddde1798c0,3136
0x9bdf1245ca2427e94634871a67457c7d46d1359f,3136
0x61d0ea212b35721e021f56094603165a92410c19,3136
0x01b8f7ef9c12841ca94ee6652f0d5e9646a1168f,3136
0x8bf70cab299e353e3c69eb53f943ac62a60b91b8,3136
0x9eda4c07a6857cdc617dfcb986a4cfd373fcc149,3234
0xc57b65b26cba8169f10295d8152def3e0bc8864e,3332
0x61e0a58be82436904312bfd54285316e7ef58400,3332
0x3cd673f4b8e7815f4862222ef0786241f952aeae,3871
0xb00b18b3bf6ecc43e6235ee69424d4a220437a4d,3920
0x45f95d8d4b1651d23c8b463db9ef5df93759682b,3920
0x586dcc88a7daa6655001f8e0a30fa4c4ea06abc5,3969
0xa91c173412015bb9742f8c84196558765231cbe8,3969
0xd12969e0f22b19ef4c662392bd1f5b0e9fe3c16b,4116
0x3d9bd4c167491700c38a638de3ba12dc94be6e40,4116
0x8724e8f1035973e413fb660045b9755df135c78d,4116
0x17a81d1fd4beede41c41cc0e24e08c06bc08cbe8,4116
0xd2fa436a033c13dcef2e3dcf24f73f17802d25c3,4116
0x574dff221131dd87b995263c823fc2cc069497d6,4263
0x7a86d5d5371df720980796ea4a3326dd7c099481,4263
0xbf949494127d3cd72cd3399d4ab38312757f4d12,4263
0x08fdd5ed1f9a424779e0a62e67065045c260ef8f,4263
0xf53bafefa69c4bd03626859a4b7c3e30ad3d5cfc,4263
0x6909d1eefdd4abfd6d45c40f3d2ec90b7056e56b,4263
0xf0e929c7f1a9f4ad11d6255ae44fc4bfc2cf973e,4410
0xc81a849a8d9487bcc343d581f799075ac341c5f9,4410
0xeac0930860ad561246a1f91108f3b6bffab39100,4606
0xe332de3c84c305698675a73f366061941c78e3b4,4655
0xd7b61f34fe07e4602173b264bcc5df95f998a907,4704
0xf4d430dd8eaa0412c802ffb450250cc8b6117895,4704
0x06ac1f9f86520225b73efce4982c9d9505753251,4704
0x2e79c1b88fc3bd6b0a0d142b4c151772c39af71d,4704
0x1db395f32f357456713385bf1690ecfe685d6d31,4704
0x722bd8c51522b55e0e0bea909b1e80f250a860ef,4704
0x92a7f0dfb36af2781f4c56ee7f7458794343cc8b,4704
0x397fbd1e27352175cc5b6baf171a30911268823c,4704
0xf3dc235ff7025cef31e76c65c7fa7151f3343874,4704
0x7c52606470fd31e00ee707514d4deaec29b352f0,4704
0x91615b4b8d558449a27ee5fec878a34a3cfbf4a2,4704
0x188c30e9a6527f5f0c3f7fe59b72ac7253c62f28,4704
0xde7552d2cda44229f5ed8feba334fb91bd62d9a7,4704
0x24aa5aef282c8fc343d9ffcf76141549959f86ae,4704
0x9645c7802344a641eb8d33c5577d6c167d61ec82,4704
0x280a156f28488d38897074110588e3b5493dfe79,4704
0x1e07c233341012327ba02455a1dedc45f2b499d6,4704
0x6727497cc7c112e3c1ba2ec9d1a53cfb5e2531ee,4704
0x3387c3ced164f7b9711d6fb322493d19d10ea673,4704
0xc8fa33679e5b2114d8344ad2f8567f4887a6c8b1,4704
0xf6e766fac77267d1ad9f0faef3f2328f7c95896d,4704
0xd7816aeaf26e20146e0c67c1b431462c310315a8,4704
0x7fa1a082d51d6abdd78f6fae249980fc65d9a3ab,4704
0xe650936db7d99d6db51004c2aba31b7a67772461,4704
0x6cdd7327a426aeb2e1259d2432efa5c1dec2dc4c,4704
0xf275b7b0374749ffd97558d095aeee6a910ccd23,4704
0xbf107cd8d91e983690a34c565b1ad978a5b6729f,4704
0xdc806dba2bf1eeb4ea9bee6ee254b3c371d70033,4704
0x008c84421da5527f462886cec43d2717b686a7e4,4704
0x40d3c10d56cc8d90a570fac04daa9fc50da3e1db,4704
0x8c9a4144ea8fcb94c990f69197dbfd25ce157254,4704
0x2e465ddca6d2c6c81ce6f260ab13148d43e93371,4704
0x5c8ac92a3e53b6b1b1b8a908b4ab8eeb2d4340af,4704
0xcbb6682f949dd8f8ec2c48de75f952149f0ce490,4704
0x40e5baa5921a7dfcc86d69ebc7999982c6ce3a5a,4704
0x886bdd127a5d951501e8ced32a20050d40210b07,4704
0x37a651e645061ca7f6ab65a425c3fcc68a07ebaa,4704
0x6cd1b82490eb7aa18bec4305c6c2e691194c6898,4704
0xa4859d77712620b8cf5186c1679dd1327a211f95,4704
0xfca32b89d0981e69c8dadcdcc0668b0e01c810cf,4704
0x1f0f40293b69b0cf657c3cce45d5a7b1695dc62a,4704
0x874f50f5f9b1ede8110772463524786ff7d74877,4704
0x37b2ee54a9c20eca0010dafcf6eb2d5ca45b5ace,4704
0xba567d6ce93c021e46baa959ffc241fe35a10297,4704
0xf930b0a0500d8f53b2e7efa4f7bcb5cc0c71067e,4704
0xd29da28af28493f43dfccd6c275f0ec1070039bd,4704
0x1a368885b299d51e477c2737e0330ab35529154a,4704
0xec985e5cd9c6f21904a695e512279b73717582f7,4704
0x71cc25e270560ab31d5d2e15e5bf896ebfc4a640,4704
0x8ccdc06ed8297e804a69b6c57dad9b9e9b05cc81,4704
0x7ad618ffb525e9322f6c285a796c155220ee139b,4704
0xacc8021fa21caa0f5a8486ee1da264fa5564e5cf,4704
0x066a2edcc0b7278a2cf5bf2a040b4a54a41a9550,4704
0x1b541c50b42d65040fc51197f0c6277dfa96df0f,4704
0xbc9ca5bd0f07700929f8d538233b0a9e60f4ddc5,4704
0xdd343c671abb706d8e4f5da9cd9662753e44a01e,4704
0xf19b975ab5b1ab459ee989f1875c80fd24359b4e,4704
0x4df782d427d1035ad6c28b9be4d682ab422059cd,4704
0x1c2ef64b96bff2396842a7750b7504fb20d718dc,4704
0xb2218bc679868bbaac432ec58fb4050870894e18,4704
0x912ecb5e514d8a2fa32e182a894d2206d979f650,4704
0x4c54a192810d990287be53216ed4ce7bfdfcf04e,4704
0x55907cf476998d2f58591c6d0a10ecbbe249a8eb,4704
0x74a8643703bfda7dc30d32e9cb80291dc671df2d,4704
0x364f0ad60f8d34a5643542a8623274636e6951f0,4753
0xb2385e99897e1fe4d7217d10632dcd77709e3491,4851
0xfcd4041394f8c0e939927aafab80df5045cc5dc3,4900
0xba6ccb2501f27fac8e4179a2ad7389d8fc1cfda6,5096
0x5bb96c35a68cba037d0f261c67477416db137f03,5292
0xfd286b005aa8a870b1a98e2df13d71257e9a9a04,5292
0xe95c621e026c605b80f51fe02cccbfa389689c6a,5292
0x5c38e736d1a22d8efc1c828bb0642f2745513389,5488
0xf7f82202e13a1498698ace86caf721f93e72c940,5488
0xd36d877177ca270f8510c4340653e2b5ae3bdf96,5537
0xe50343fc29f7ad0cae73a38622a4a45bd806bfa2,5684
0xcf6556c11c686739bafc57447a9f78af34cd8dc7,5684
0xa5d981bc0bc57500ffedb2674c597f14a3cb68c1,5684
0x6d93f3ad7b5e8ee224e573d1924eec62f0a7fafa,5880
0x5021772700335e9b0aafe3366cba411582878c3d,5880
0x73aa3b633ef64e82cce4a91ba0f48f1a3b88f281,6125
0xcc5e47eb794bdf4881362194d3c352d2a12ba6a7,6174
0xf296178d553c8ec21a2fbd2c5dda8ca9ac905a00,6272
0x02aee0ce756fa0157294ff3ff48c1dd02adccf04,6272
0xffd75f70b30af389f4946f9ca3d6d832eeaa02bb,6272
0x6453a526dafa5788ad09cac4a5ec9044d3684de0,6272
0x09e289a389352e6de87b4467a4675d30cd256805,6272
0xcfbab8bf926e32eaf643707ba1b655f90903a069,6272
0xf97664376416e9379f2354db444bfe3f00b6936b,6272
0x75547dbde1370ee1ff3128adb5f28fca196123de,6272
0x6041f881358c71d64bc9253c9ba0391df69f7d98,6272
0xcdce9d1fc40adb7ccd0e4618fc1ffdc75db919b8,6272
0x3f78441292b95f346475e9aef2649eba5dcbf477,6272
0x8eb596f1dca53b2b92a994f96ef067e0af5e0756,6272
0xad3be42d6ca24a69a735bd12767afdbd719dca4f,6272
0x17e31bf839acb700e0f584797574a2c1fde46d0b,6272
0x4587bb20e68e132896c6825c6025a4e8dfc78fb7,6272
0xa783b56fdea23a4606527b36f1969f76a02ec31f,6272
0x54b174179ae825ed630da40b625bb3c883cd40ae,6272
0xe341c14503fb951e117655249fba0b235d19da12,6272
0x0396dd6acc42ce2f0733e2e6fed7cd157ec930c1,6272
0x5943111b15348a57f314c4a8f04ddd21d2863ba6,6272
0x25c1541071258523322657289a4c2923c21185d2,6272
0xdda2560cec4662e42a3246d3bc3c484176bd88b2,6272
0xc70e29ba87b6a79b0ca3e65b2bb8fb0fc99b53c6,6272
0xab8c413e421f8a7220624c4e7f70b8eb38c76de7,6272
0x10e7530a7374a19c6476cc99e4d9eb4d8a61e44a,6272
0xadaa399def4c3f0052ae83b2a6ccaccbf28e67f8,6272
0x6dbf75d22d98d7377ab693afc5c2d920a984d60e,6272
0x078ad2aa3b4527e4996d087906b2a3da51bba122,6272
0x1ce33afd0e70ad410a74e855dd9871f2b31f3eee,6272
0x268a0fe14d60a4df9178d8b6e6db5f6856a14e91,6272
0x9dc856b3646e4daa540d6c6abf646f96dae3fb8a,6272
0x665aec7c66607ee88c865dd979537ec0180d220a,6272
0x015eaee2044735841ec9a697e66eb1d1ead1a4dd,6272
0x3fc6902c1e9c0788755e5f796357205fbc92d321,6272
0x2f65b176b48c85c7a89ed509955817ee468fbff2,6272
0x8a5a244b08678a7de0605494fe4e76c552935d38,6272
0x1d8b84dd2cefdb5cba4b0bf1a91d22f92aa1aca3,6272
0x002525a77d262dd11ec63c9146a821b11564ce29,6272
0x04a76a210d2ceb8aa1a05d033fd8a1babe8091c5,6272
0x302613e1d8bbfa9b9bafb9ca98f2ce184979a35c,6272
0x464fb9cdf750bdb0d9ca2a823aa90648606bd27c,6272
0xa7d9f4fd84cdd4bee564adc1b18e3e8aa79d25f1,6272
0x7af761df929afd00b21d0c493150b98f39c2831f,6272
0xf31cf28b593ecf8313b627fb7a042aba7393f1e6,6272
0x88d3574660711e03196af8a96f268697590000fa,6272
0x8f32188b684ae7fc0734e393ff5a3e7f803e5f10,6272
0xc229d7d3dd662a1b107e29aa84bb0c8ff609cf3a,6272
0x471388302d0c87026dbb92e41be79b17031e29b5,6370
0x315f35ea58e3e0874a58d47aee93be8cfec5b297,6517
0x7c4c62f16f0bc4d86efbf9f957eec7a743a36421,6615
0x30edec1c25218f5a748cccc54c562d7879e47caa,6615
0xbcce2ce773be0250bdddd4487d927accd748414f,6615
0xc9012ea0ef4f787ddfafe59dcda18fb9de91eedd,6664
0xfcc9c25512f5eb45a3496be83cdc861118936e12,6664
0xb3ffd0f321abde1740f6e13be273348baad24291,6860
0x5b08d6f4241d9113c83b761f635944a12205ee85,6958
0x2d439568dc8e86cd002d3cfc998754bcb782cb81,7840
0x7ebf5aa38c60f471f2af072bfbd83bb79d05d1d2,7840
0x8bf431d1c75973d8c82ea1261b74bbd87fa5cdb4,7840
0x8c2b368abcf6fffa703266d1aa7486267cf25ad1,7840
0x573555dc420c87082143e0b9af96b3413c7514a0,7840
0x1891960472bd8f9945e1a318bbeec0d1968f5391,7840
0x3616d598780e223d0ce17af327d402b95ab05a39,7840
0x898c4607809945b49d65ea51580101798931b241,7840
0xdad5eba92ad2bc791994ff0c9f4facfc6427354e,7840
0x9fecf056375a973308bb3d6fb6b1c230cfd21456,7840
0x42c029e3536a8b83b0a5c1b3c2d611e1c03320cc,7840
0x2204d5b8e7ce8c27bf13a37a6b50ed3442a3aeed,7840
0xf4ec84a34ac9d7b9562f96be23b86309e3ebe8c4,7840
0x4c0bd4f95503ae07685bdb6d910e536cbe84405c,7840
0xb5696e4057b9ba76616cecb5a537eaca7b3cdf54,7840
0x2386dfa4ed427dadd1174fdc7e029ab207f2bff0,7840
0xba379a9fe55b1ec5ab90434084f44ed61b8d35b0,7840
0x1bccc3dc32d6977ca14beff7a2130f578620cdb3,7840
0x55b7f288d71267493af127f4777ab83ad85c792b,7840
0x06334ce2436d281359a74f8163186f4fa2e942f4,7840
0xa1830e8d9f019feb448478a171bb37cc6c4c0482,7840
0xf800d8407b1488bb6dc3789c2d45147c25c38af5,7840
0xcc65f2b00fce51148a2d660c1ed2511fcf67824f,7840
0x28473085ba4aa761eb541914f50a75dd685cd47b,7840
0xfcce78abc832bc9f7f1935e729348faa9e959323,7840
0xc22df065a81f6e0107e214991b9d7fb179d401b3,7840
0xc067a1cb8692bbfe4832e17fcd50d75d7c96cfa7,7840
0xcbaf0ce12be328b14a65482305536e0eeee4d6c2,7840
0x16b99d194b27e65d56679e1da09884d9827de6fe,7840
0xf4b00e4b4bba9f2ffcd09e65bfa57297d0d18e27,7840
0x9e6e058c06c7ceeb6090e8438fc722f7d34188a3,7840
0x1a5e02a0a85118c3382fa3c161cb78110f97299a,7938
0x39f2fcfdd65573d4c1e6dc2d16c161d160e1e5e6,7938
0xabb89dd8d2ecb0b872811a80b9ea8fb9b45562b3,7938
0x497d32a3f4e9a4aced0a485c905a167b0517fe0d,8134
0x1200eb4fa3df9903fc6eff1d7a4a5d17502329b2,8232
0x6ebd8991fc87f130de28de4b37f882d6cbe9ab28,8232
0x9bc447a0d216ce21c9008583059953107607709c,8428
0xdcbef5ca2245f2661fd69ba40c6643d7bc8b5bd0,8526
0xfc7d36f09f0610ca72457aaa85e933ed07629b5f,8624
0xdfed06193f1c54ac5a9807e0d46a1181ad6bbaf8,8918
0x0de9abbbbeeb15cb446c3daaaab128d15a16c220,9408
0x4f4bbe22192dead2650463ee871aedcfaf4deefd,9408
0xf3c9ad2f3bd897d12b0fab2d53b1dd62cb8f9d6e,9408
0xfac7b9da7b2a42e08f737e04b605fd6a08dc2e1d,9408
0xba28fa757146d2087d835e3450a29732ba471d05,9408
0xaedb8e38318ce83c617f73aa59b8b163533501dd,9408
0xf0769f107af6034901df8dfd5d37cdffdfd86d52,9408
0x86a41524cb61edd8b115a72ad9735f8068996688,9408
0x18a27db4c8053c436efe2549182580ad5ea92664,9408
0x70f8c26c5288d170adbac1e23b6d2904232051d6,9408
0x1405347886d6334b4e82f0db4f7b233a5cdf9a88,9408
0xaaaf93b6e6559fcef39c35366cba49e8cc35663f,9408
0x99867ff389b98d2b2357775122002a22582ad867,9408
0x4558dffbc15ed774f551ad1fe76a3b1f81601a4f,9408
0x2efcf0f9a57f7d2b391a23215992590053bfea66,9408
0xf7dcae4e182f7c5d13440738595b7d1a92979652,9408
0xd6464a34847188540eb0860d660866f732c38744,9408
0x5d89cc281c3f45433d93a33e1c64958b61bbef7b,9408
0xf27822e9ab6da97481e6e1533a2314edc44f41e4,9408
0x496d3c62a5760c11b3f88bc475bb217b16583053,9408
0xafab37e854e2edb2aa9e2830c6bfcd3eef5c4c32,9408
0xf94241baa46171b724ed535314963b45f84c9f16,9653
0x973def5792da872f932d6945f38b34e9ed851452,9702
0xc5f1f580084ccf817c4834a09709bddc6469f5dd,9947
0x433c8a73bec1273561e4e2201649de12f20b7d58,9947
0x5e3e9698763b29cf4f2e843caa9f6270006f8e57,10143
0x7c797daeef78abcb4fd8fc8ba92f30b7f0671f46,10143
0xba740c9035ff3c24a69e0df231149c9cd12bae07,10290
0xd6fd8413b1facafcb46b3f7c08d07daa0fe5e770,10486
0x79295c5e060f2d25d5d6349cc828987e35cd0551,10584
0x569403303e2b90cd005aa9e45922c3839ecca9f2,10780
0xf2861b7ca38c3280d414634462915b5531d8830a,10976
0xc1c3b7d05da4caee5b7357d13adf8312ef4362e1,10976
0xc3d16c7f0199a896613cc193da6bb2d290a0baea,10976
0xad045667b0c34371fe6bbde27b9e435bc0147673,10976
0x5f7670321668e6db551e39e7a5dff443d42dc97f,10976
0x8404efa98a4e129855c200fc4e90c257078d9ed3,10976
0xbb3f043290841b97b9c92f6bc001a020d4b33255,10976
0xbada235e37f8ceba768cb167518c869a3765992c,10976
0x0e79c644ec160afe87ea8e87201c0fe35ba63e1f,10976
0x62d02bdfa853ba3aae25135574979de19a29e92c,10976
0xc924696c737b2c5ba17a8dd4e31b77347c124236,10976
0x7796d1bdd509d3076c69def5ba0a545d9fbe6b45,10976
0xdbbaa60454af5e32a162c533dcf24092b1bd4ac8,10976
0x37e7659c735d392cb572e2e8ad9b6897e6b2777a,10976
0xbf33df64d595dedbec17eae129562e934f8cf567,10976
0x18e653fd048321b08a46bd6c302eab86f62def6e,10976
0x1bb22b6e8e93840930bbbc7c1d00490678bde5ba,10976
0x95504dc0e3cf5d6f33eb84a1fe2f1cf1220a1385,10976
0xc8a58d1a7cbef41be6ae41b92a9ce922f6babb31,10976
0xb0ba5311dfa74510f7282953840f25403dcb2b68,10976
0xd1a8a3b3c608f654b3c7ee13cd91bd4c375b0540,10976
0xacf89469b6b269eb1aa952857f15573dce844b92,10976
0xf586b3a66022dac2c0279ef6a2f3a968ec243efa,10976
0xd314749c5e91e5ee11d0e5f5cb88ddbbd755f0dd,10976
0x475b6ff6603f17177b7e419d1ad2791fb82a3a56,11368
0x4ca96861c68c54130515c660943ed27feff96be0,11760
0x82dc92b01c7ff54911842956083795f60f6f64f4,11760
0xea5db10aacf3178aec750d1df3fc97ad8be553ef,11760
0x7d9d56bb15a348b92fa493b281f38f89a85c0074,12544
0xf6a56d650bbb55e18de7da5fdc5d04a1b48584c9,12544
0x9f5141e8715c6691e75188bda726df54c14721e4,12544
0xeeb2d2a49f6966d719ac749932da9abd1c16e390,12544
0x32ae912d4abfde382eb5cd4eadd2a3daab914d67,12544
0xd71a41ec000089ae99873afb4d15cc7d54dd95bc,12544
0xa69f670ea591f11bed8de61ce0e3c014c849feda,12544
0x8488f78d943cf6b5e1231c5370fed186ba7a3044,12544
0xddf767f258adf0af89896621349cadcf8722f771,12544
0x4322aa46ffed67809862da613725728e2fb8eae3,12544
0x4c736008a72a848514513b36ff83358b95b2966a,12544
0x8d586f380846dca988cb3b345231af02f989c411,12544
0xb88f61e6fbda83fbfffabe364112137480398018,12544
0x0b13f13c0e99f24b96a835b787d1347b33d87776,12544
0x51a7ead10340af963c3124b026b86dd2807c2b1c,13034
0xa03dd4de24d491cf612da60228b1a679b6b4c4ed,13230
0xfca7c7f930f2063768aae85486ce8ef785a03635,13720
0xb2af1b81283c87a9f06ba2294dca29f83a7d1d00,13867
0xb32b4350c25141e779d392c1dbe857b62b60b4c9,14112
0x04a718249ae7c6cbf821acb99a6e2917cfa39451,14112
0xd38c197b862dacd0ab6b1e18c9fc8cdf8a8731e1,14112
0xc57d11d3d47873f490bdfd1b18ece28851bec5b5,14112
0x5289156f8b0876e7576fe960e39a3e84c90d821f,14112
0xebedc29cb0720c742c30d7d727c8faf1bef23974,14112
0xab2056903a7b62bac46f45a3d7a70ac799ca88cb,14112
0x8140b4ac64b68a05fe316eaad8b0d3b9348e0959,14112
0x9258fbcddf8174c5b13264297fc8379d00d04115,14112
0x587811fc49d14f9b625e4c068bb94717ea8e1436,14112
0xc4b41215c649400c8a77d059aa7d02094dd04bfd,14112
0xcf930533dbb9759c84401a03c5ddc92a1a313dd3,14112
0x720d330816afd75a72e012f8d669a19918483375,14210
0x4a73ea3cfcea23c4209b134339863118d77df056,14210
0x74f90dbb59e9b8c4dfa0601cd303cb11e9fa4a78,14553
0x1bc38a0df775727789ba3b3fe4bbb175320ec11b,14700
0x58b5514db56403b66de7635e00c72d1eb88ac174,15092
0x2cd1b8946116c5d4b0f47305bb1cc2f27a30e845,15190
0xd5e71be908c59e9b6f43b1459fec5bea3cb4349b,15435
0xc60919c240cc8184b99a711a5e92a6f38d454e65,15680
0x99f900f51808972921c0749efa3cb343847572a6,15680
0x247b7e245002e6b525782366dec32446f645320d,15680
0xa80b24fde3468d7995478d1b47ef09f6099e4fc8,15680
0xdd3767abcab26f261e2508a1da1914053c7dda78,15680
0xb9b691a11b641d3900f067448468abc2eb81eb8e,15680
0x8dc41f0bdfe880767002e664158152c868a187d9,15680
0x30df16cd7d612c5b25beb0331486b127a42ac371,15680
0x60ceef10f9dd4a5d7874f22f461048ea96f475f6,15680
0xf40dd581197244c7aecf41d6313007e3ab843aa8,15680
0xf946d2068a549b3225cf188339010a8383dea5f1,15680
0x7ca6d184a19ae164d4bc4ad9fbb6123236ea03b3,15680
0x8eaf3c4a8105e3865c203d07764fa9badb0c5c08,16170
0x1bf5e478936eea3b56f08a6e66a69dfb01461e90,16856
0x2450535341f5be77b8bb386d19d82194a687eafd,17199
0x79a555b77f09c3de481c4b412c14c25ea78c79b5,17248
0x61e0841d103d77325e7743d1ff7117efe7c2c9f6,17248
0x7ca8e6b21de829c094f44ff9b410ca8e5524484f,17248
0x0af70cc3ed406d78d44c627a06d2590d5b37fa22,17248
0x6514304c439565bc6bf5e60dc69dc355a034e6c3,17248
0x343c80183e14183024d3a2c822612b78c94ed2d9,17248
0x28b8d4f7516a112e2e2fd462293a1c27cde327a7,17248
0x01a9cc1b3f2101514d967ea45b68aa9c1eb7dcd4,17395
0x802b8d24eef035a5cae27d44fa778c9ed4e8c265,18375
0xbeb910ae193dc54411747ac236e67d221ff3f1d7,18571
0x0d6b4f304b91a3b67b1db34776ef7e95effbc729,18816
0xdde3ca351d85a4b4cc6aff8d42c0840959859053,18816
0xf2c06f90fb58844c09220e01e3116a2293df6960,18816
0xdc575f56a9362adecbbd845c39d5b4711a5180e2,19845
0x69240ec926a6bd9fef077843bde6fd4774a255f0,19992
0xcf29e3606e302347cf445ba770aa7455f00872da,20384
0xb2642bd041ff2c6c1f28a8b35c562b706be1c165,20384
0x0921ed65c365f55b4969b39dcaa5193f38248ca8,20384
0x84f764445555fbde0209b00b32ed85b6ccc33263,20384
0x9cfe223f281b5b58e41e5994960275da29291c7e,20384
0x429aeb557f27d9a903b979687e8e6cd1d1e97a6d,20384
0xea310c966d3ff5e09c65487f1763b21361eb71ef,20384
0xcc95cb084d5d8cf7814db1ade7eed29faf0d3f88,21315
0x2367209025c36863d8fbc21f141f4ea7ccd24322,22050
0x835e9116a1aa7a65fcff8935ceb0010b304509fe,22050
0x54ac789f335c4c53fc23f548e641a406b9e8a3ca,22491
0x1dba6f9bb1540f69d9521ee74778318750e9dd5b,23177
0x49883a149f2046ab4a1fbb7eadad1bd68bddda63,23275
0x45c538d1dbb45e72b8c02b47c39b8c7be50d66e0,23275
0xce61ca41e238e0aa4c88d3c385dee9a91c8e83d5,23520
0x276b1b9228a1ff9eb6234fbc11ce60ede9ae1e22,23520
0x6301add4fb128de9778b8651a2a9278b86761423,23520
0x1da49ef9789d0cce5aa454c284d9cd18149bae4a,25088
0x6529b0b636056ca9e790b009db43f71bca0fefa6,25088
0x42fbda7a91115a8233027497c3760622d1d0438a,26411
0xd4123456af0be6fbc1b460bf854b2bad47753444,26656
0x479e1d946fdd74c5114ce4dcb04f623918b89661,26656
0xafbc3f98eedb5f9a25a4ab2232d1346612efe77c,26754
0xf99450d825bfcdad1430d8a236ed268b7aa7a587,27930
0x0c5a2c72c009252f0e7312f5a1ab87de02be6fbe,28224
0xcade1e68a994c5b1459ccd19150128ffef09ea3c,28224
0xab09805df438342da30431001207916e595fc110,29106
0x726cdc837384a7deb8bbea64beba2e7b4d7346c0,31360
0x9ddbdcd3c5123e673e4b96992101f8ceafcd95a0,31360
0x4e42a2d7333abf7eb2e73b256f8d215d671dd751,32340
0x1c71122bb75c6ceee7dfe50a45dc571f784f5cab,32928
0x057e5001ec87094fcfcf1c2ac8dbe3215630f641,33075
0xd03c8ad4bebd854a36010b864520efa0e4c700ee,33075
0x69a905fa175201a79f12046292e4e7121f81c7b9,33565
0xfe003c2c4342391a50a25bf2b3ef8c77bce62545,34104
0x0a8ef7a45560b4d43023b0d3e1968060f6a04d65,34496
0x01fad37bdfe38768ba62b8b8f0c1a4f422d56ce3,34545
0xda2a91ee6d0001a2b2b9b437a1c73138fb0e34ea,35035
0xac96a76acdc8d382c362da4ead9606a5cd6663c4,35525
0x22bc2da295b19148850be90a4a242136c7b2ff14,35525
0xf7b18e107eb36797f4ce36de756630b9c30969ad,35721
0xa9cdf0542a1128c5caca1e81521a09aec8abe1a7,37632
0x13af372f9609907656c146a8c00a94d8b2790a5c,39102
0xf01bcb0090cd0f734688ce77ae067da58e9d8005,39200
0x7a59ab141ab5fd585760386002dc2e9ec8a217e9,39200
0xec7e1108c6242b2689ff039d5bae6e0387399405,39690
0x5398850a9399da87624874704feaa8a9c6c4089b,40768
0xd69a9068ebc98ca6f27ac92f45ffdce464719942,40768
0x7b660fbafdadf78ab7bfe83475841712ae774066,40768
0xbdf46914547dd74b1a66cd3064bad7850cc885a0,40768
0x32790dee22bed1916303e2c3f4253fc2cfc0c417,41650
0x2d5d5689e4f8c025562356f4c69cd7a85ac8a761,42336
0x792ef1ea5082c5b7b55f30925a73063399ffce02,43904
0x555b3eeb8e301f88594ed6ef3f0100f9faa5458c,43904
0x713e0b00b5863294c5ecdb6c642b2487e7f8a914,45325
0x23c0bae29b2c92d90ebdf2b78ff86f1cb1bb667d,47040
0xbc12fd3c9679b36631af3351f9e9c908e179d0e7,47040
0x43fcc6bc5954abde571fdd645ad3343702f1305d,47334
0x2494e71ec62e21ff3b5e2cf5f26144a9814ba186,47628
0x7896062cbee5b512ea2b5a6182d1c89438aaee5f,48020
0xbd4535a1af8703f701e3fbb5972cf7b956d05664,50176
0x611270f73e3020d5f87e9b9424d50b354b48b536,56448
0x122bfd31108c59cf3ad371c5fc5b5c93a000f821,56840
0x81c222e81caca4d89fc80b27cf6beab5e26c8cc6,57575
0xe3b63da404fbbcb41698048663e86a9a86824abe,59682
0xba818e7f6b208f5a4f7cf282a9248d221144e4e5,62524
0x86c28db1118c55ba85c562d5b0875f94d78b0c03,62720
0xde9816c2eddff1d26710053950380165e910916d,66150
0x00bc5b61042fa8375dba651a2309bc5595302ec1,67424
0xda013983cbf67b5ef173d7ef83918ec526786425,73500
0x0b4be40484f1e1e3dcd0a704e7faa3010f5267f4,74088
0x2e0d63ffcb08ea20ff3acdbb72dfec97343885d2,75264
0x9d9ade3881f4db9bc13298d2664b0ebe53e28c19,78841
0xa4e150be44c5d7cd7084e3bc21ea8a30e3319fde,83104
0x53b517968dbd242de0348a2f0d70d55c1bf7bcd3,89376
0xcca11a8edb05d64a654092e9551f9122d70ea80e,89670
0x2a1ca52f11a7f0aa923a6739d49c69004c7246e1,102312
0xf0968e05ecad79f2b8878dbb4255c6aeec78d97c,103194
0xc7ae8d7541abce1b8f2de70696c46358f64b314b,109809
0x104eacc7ee68ce873e88a55266489bf8f7f49d08,116620
0xbf30d1a29d191c717e5d52a19dd572fd078336f1,117600
0x782ad0abd502d94e205a407aa8cd0dd024983799,125293
0x807225694b85585d35ebaa7a70a4fb94060c038f,125930
0x62073bf91edd026b47feb2346f0a3c133edd28d0,139111
0x948e84372c7e8f810aa5b6765fa9013f81a23e8c,153664
0xf072dcdedf8d52915204abc719a3253d7f088c05,164052
0xd72bb0961368f1a5c566e0ac3afca62affa20f14,187572
0xae61d06c4838f0f3ad10adb5db7ef1d04e5e26e2,219618
0xe139dd7fc2a49ff20d5c8436ea1bf3301cc979f9,248724
